query,expected,predicted,confidence,escalated,latency
What is the company's quantum computing policy?,Unknown,Damaged Product Policy,0.5427854,False,9.203063726425171
What is your Mars colony insurance policy?,Unknown,Damaged Product Policy,0.5239492,False,3.1658883094787598
Do you reimburse cryptocurrency mining expenses?,Unknown,Damaged Product Policy,0.5824746,False,5.474681854248047
What is your space travel policy?,Unknown,Damaged Product Policy,0.5635754,False,2.8652138710021973
Explain your artificial consciousness policy.,Unknown,Damaged Product Policy,0.5375504,False,3.1348421573638916
Can I receive a refund for a defective product?,Refund Policy,Damaged Product Policy,0.6908714,False,0.12930512428283691
Can I return a damaged accessory?,Return Policy,Damaged Product Policy,0.66199994,False,0.1264948844909668
I need my money returned because the item is unusable.,Refund Policy,Damaged Product Policy,0.6429805,False,0.11411285400390625
I wish to send the item back.,Return Policy,Unknown,0.6185093,False,0.13022613525390625
Urgent: Can I recover my payment? because I am confused.,Refund Policy,Unknown,0.6111107,False,0.13524365425109863
query,expected_policy,Cancellation Policy,0.48202026,False,4.93622612953186
Is there any way to reverse this payment? as soon as possible.,Refund Policy,Unknown,0.6079362,False,0.12042570114135742
"Please tell me, The product has a manufacturing fault. please.",Damaged Product Policy,Unknown,0.6080989,False,0.126539945602417
"Could you explain, I no longer want this product and want to return it. please.",Return Policy,Cancellation Policy,0.6201721,False,0.14371848106384277
I need help: The product has a manufacturing fault.,Damaged Product Policy,Unknown,0.62953246,False,0.1222829818725586
"Please tell me, Is there any way to reverse this payment? for my recent order.",Refund Policy,Unknown,0.63155895,False,0.1393146514892578
Urgent: Can I stop this order from being processed? as soon as possible.,Cancellation Policy,Unknown,0.6595863,False,0.13576126098632812
"Please tell me, The product has a manufacturing fault. please.",Damaged Product Policy,Unknown,0.6080989,False,0.12551569938659668
I need help: I don't need this purchase anymore. for my recent order.,Cancellation Policy,Refund Policy,0.5692152,False,2.9339911937713623
Is there any way to reverse this payment?,Refund Policy,Unknown,0.60062325,False,0.12014913558959961
"Could you explain, Can I recover my payment? for my recent order.",Refund Policy,Unknown,0.630053,False,0.12752795219421387
Urgent: I no longer want this product and want to return it. for my recent order.,Return Policy,Cancellation Policy,0.6657035,False,0.10497879981994629
Urgent: Can I recover my payment? please.,Refund Policy,Unknown,0.6115911,False,0.12052345275878906
I need help: I need to send the package back. as soon as possible.,Return Policy,Shipping Policy,0.6207297,False,0.09451937675476074
"Could you explain, I wish to send this item back. for my recent order.",Return Policy,Unknown,0.62564164,False,0.13359522819519043
"Could you explain, I need my payment returned. because I am confused.",Refund Policy,Return Policy,0.640473,False,0.1301267147064209
Urgent: I need to send the package back. please.,Return Policy,Shipping Policy,0.60173327,False,0.13255906105041504
I need my payment returned. for my recent order.,Refund Policy,Return Policy,0.6617895,False,0.1332552433013916
"Please tell me, The product has a manufacturing fault. as soon as possible.",Damaged Product Policy,Unknown,0.62935364,False,0.1389155387878418
"Please tell me, The product has a manufacturing fault. as soon as possible.",Damaged Product Policy,Unknown,0.62935364,False,0.12991905212402344
query,expected_policy,Cancellation Policy,0.48202026,False,2.972191572189331
"Please tell me, Can I recover my payment? because I am confused.",Refund Policy,Damaged Product Policy,0.5925426,False,2.9021308422088623
Is there any way to reverse this payment? as soon as possible.,Refund Policy,Unknown,0.6079362,False,0.08336925506591797
The product has a manufacturing fault. for my recent order.,Damaged Product Policy,Unknown,0.629882,False,0.0895850658416748
Urgent: Can I recover my payment? because I am confused.,Refund Policy,Unknown,0.6111107,False,0.12645196914672852
"Please tell me, Can I stop this order from being processed? for my recent order.",Cancellation Policy,Unknown,0.63803875,False,0.1160135269165039
"Could you explain, I wish to send this item back.",Return Policy,Unknown,0.600921,False,0.123046875
"Please tell me, I need to send the package back. because I am confused.",Return Policy,Shipping Policy,0.6076301,False,0.14247345924377441
I need help: I need my payment returned.,Refund Policy,Return Policy,0.65073246,False,0.1272294521331787
I wish to send this item back. as soon as possible.,Return Policy,Unknown,0.61882704,False,0.12089157104492188
I need help: I need to send the package back. because I am confused.,Return Policy,Shipping Policy,0.6022662,False,0.1288139820098877
The product has a manufacturing fault. because I am confused.,Damaged Product Policy,Unknown,0.6106733,False,0.11667728424072266
I need to send the package back. because I am confused.,Return Policy,Shipping Policy,0.61039454,False,0.12347650527954102
"Please tell me, Is there any way to reverse this payment? for my recent order.",Refund Policy,Unknown,0.63155895,False,0.1257002353668213
"Could you explain, I wish to send this item back. as soon as possible.",Return Policy,Unknown,0.61476755,False,0.1364150047302246
I need help: I need my payment returned. as soon as possible.,Refund Policy,Return Policy,0.653604,False,0.13551664352416992
Is there any way to reverse this payment? because I am confused.,Refund Policy,Unknown,0.60204357,False,0.08184456825256348
query,expected_policy,Cancellation Policy,0.48202026,False,2.9345548152923584
"Could you explain, I need my payment returned. because I am confused.",Refund Policy,Return Policy,0.640473,False,0.10124659538269043
"Could you explain, Can I stop this order from being processed? as soon as possible.",Cancellation Policy,Unknown,0.6418742,False,0.10576391220092773
"Please tell me, I need my payment returned. as soon as possible.",Refund Policy,Return Policy,0.64130586,False,0.1254253387451172
"Please tell me, I no longer want this product and want to return it. because I am confused.",Return Policy,Cancellation Policy,0.60359645,False,0.20271039009094238
Urgent: I need my payment returned.,Refund Policy,Return Policy,0.65177166,False,0.12392187118530273
"Could you explain, Can I recover my payment?",Refund Policy,Damaged Product Policy,0.59162253,False,3.10233211517334
I need help: Is there any way to reverse this payment?,Refund Policy,Unknown,0.6080603,False,0.13390231132507324
"Please tell me, I need my payment returned.",Refund Policy,Return Policy,0.64247656,False,0.12922120094299316
I need help: I wish to send this item back.,Return Policy,Unknown,0.61002815,False,0.08348226547241211
Urgent: Is there any way to reverse this payment?,Refund Policy,Unknown,0.62011653,False,0.09773921966552734
"Please tell me, The product has a manufacturing fault. for my recent order.",Damaged Product Policy,Unknown,0.6135264,False,0.09207820892333984
"Please tell me, I don't need this purchase anymore. please.",Cancellation Policy,Refund Policy,0.5277321,False,3.2054243087768555
Urgent: I no longer want this product and want to return it. because I am confused.,Return Policy,Cancellation Policy,0.61804324,False,0.08982372283935547
I need my payment returned. as soon as possible.,Refund Policy,Return Policy,0.6588626,False,0.0961000919342041
query,expected_policy,Cancellation Policy,0.48202026,False,2.740762710571289
Is there any way to reverse this payment?,Refund Policy,Unknown,0.60062325,False,0.10241937637329102
I need my payment returned.,Refund Policy,Return Policy,0.66118544,False,0.12994909286499023
"Please tell me, The product has a manufacturing fault.",Damaged Product Policy,Unknown,0.6119896,False,0.136307954788208
Urgent: I need my payment returned. for my recent order.,Refund Policy,Return Policy,0.65981716,False,0.12402033805847168
Urgent: I need to send the package back.,Return Policy,Shipping Policy,0.61018467,False,0.12647175788879395
"Could you explain, Is there any way to reverse this payment?",Refund Policy,Damaged Product Policy,0.5978687,False,3.5104496479034424
"Please tell me, The product has a manufacturing fault. for my recent order.",Damaged Product Policy,Unknown,0.6135264,False,0.1247415542602539
"Please tell me, I wish to send this item back. for my recent order.",Return Policy,Unknown,0.61740977,False,0.12505364418029785
"Could you explain, I need my payment returned. for my recent order.",Refund Policy,Return Policy,0.6573337,False,0.11199450492858887
"Please tell me, Can I stop this order from being processed? as soon as possible.",Cancellation Policy,Unknown,0.64125085,False,0.08866071701049805
"Please tell me, I need to send the package back. as soon as possible.",Return Policy,Shipping Policy,0.62495553,False,0.14008355140686035
Urgent: I need my payment returned. please.,Refund Policy,Return Policy,0.64644533,False,0.12352848052978516
Urgent: I need to send the package back. for my recent order.,Return Policy,Shipping Policy,0.6284169,False,0.08695268630981445
I need help: Is there any way to reverse this payment? for my recent order.,Refund Policy,Unknown,0.6460212,False,0.12749552726745605
"Please tell me, I need my payment returned. for my recent order.",Refund Policy,Return Policy,0.64363456,False,0.1381058692932129
Can I stop this order from being processed? please.,Cancellation Policy,Unknown,0.6319157,False,0.1258411407470703
Urgent: I no longer want this product and want to return it. as soon as possible.,Return Policy,Cancellation Policy,0.6400532,False,0.14908695220947266
Urgent: I need my payment returned.,Refund Policy,Return Policy,0.65177166,False,0.08089542388916016
I need help: Can I stop this order from being processed? because I am confused.,Cancellation Policy,Unknown,0.63063025,False,0.14197778701782227
Urgent: I need to send the package back. because I am confused.,Return Policy,Shipping Policy,0.60833275,False,0.13125205039978027
Is there any way to reverse this payment? because I am confused.,Refund Policy,Unknown,0.60204357,False,0.13603734970092773
Can I stop this order from being processed? because I am confused.,Cancellation Policy,Unknown,0.62610614,False,0.09051918983459473
query,expected_policy,Cancellation Policy,0.48202026,False,3.033720016479492
I need help: I wish to send this item back. please.,Return Policy,Unknown,0.60528123,False,0.12829232215881348
"Could you explain, I need to send the package back. please.",Return Policy,Shipping Policy,0.60823286,False,0.10285782814025879
Can I stop this order from being processed? for my recent order.,Cancellation Policy,Unknown,0.64376974,False,0.10490155220031738
I need help: I wish to send this item back. please.,Return Policy,Unknown,0.60528123,False,0.11437654495239258
"Please tell me, Can I stop this order from being processed? please.",Cancellation Policy,Unknown,0.621214,False,0.1585254669189453
Urgent: Can I stop this order from being processed? because I am confused.,Cancellation Policy,Unknown,0.6362453,False,0.11888408660888672
"Could you explain, Can I stop this order from being processed? as soon as possible.",Cancellation Policy,Unknown,0.6418742,False,0.11961650848388672
"Could you explain, I don't need this purchase anymore. as soon as possible.",Cancellation Policy,Damaged Product Policy,0.5564513,False,3.8052761554718018
Urgent: Can I recover my payment? as soon as possible.,Refund Policy,Unknown,0.6084817,False,0.13448357582092285
"Please tell me, I need my payment returned. as soon as possible.",Refund Policy,Return Policy,0.64130586,False,0.13054680824279785
Urgent: The product has a manufacturing fault.,Damaged Product Policy,Unknown,0.6319721,False,0.13990163803100586
Urgent: Can I get my mony back? please.,Refund Policy,Damaged Product Policy,0.5958847,False,3.464115858078003
"Could you explain, I need my payment returned. for my recent order.",Refund Policy,Return Policy,0.6573337,False,0.15540337562561035
Urgent: I need to send the package back.,Return Policy,Shipping Policy,0.61018467,False,0.13415026664733887
