query,config,expected_policy,predicted_policy,escalated,groundedness,personalization,relevance,overall
Urgent: I need to send the package back. please.,full_pipeline,Return Policy,Return Policy,True,5,5,4,4
Urgent: I need to send the package back. please.,no_crm,Return Policy,Return Policy,True,5,2,4,4
Urgent: I need to send the package back. please.,no_memory,Return Policy,Return Policy,True,5,5,4,4
Urgent: I need to send the package back. please.,no_escalation,Return Policy,Return Policy,False,5,5,4,4
"Please tell me, I need to send the package back. because I am confused.",full_pipeline,Return Policy,Shipping Policy,True,5,5,4,4
"Please tell me, I need to send the package back. because I am confused.",no_crm,Return Policy,Shipping Policy,True,5,2,4,4
"Please tell me, I need to send the package back. because I am confused.",no_memory,Return Policy,Shipping Policy,True,5,5,4,4
"Please tell me, I need to send the package back. because I am confused.",no_escalation,Return Policy,Shipping Policy,False,4,3,2,3
I need help: Is there any way to reverse this payment? for my recent order.,full_pipeline,Refund Policy,Refund Policy,False,5,5,4,4
I need help: Is there any way to reverse this payment? for my recent order.,no_crm,Refund Policy,Refund Policy,False,5,3,4,4
I need help: Is there any way to reverse this payment? for my recent order.,no_memory,Refund Policy,Refund Policy,False,5,5,4,4
I need help: Is there any way to reverse this payment? for my recent order.,no_escalation,Refund Policy,Refund Policy,False,5,5,4,4
The item is defective. please.,full_pipeline,Damaged Product Policy,Damaged Product Policy,False,5,5,4,4
The item is defective. please.,no_crm,Damaged Product Policy,Damaged Product Policy,False,5,2,4,4
The item is defective. please.,no_memory,Damaged Product Policy,Damaged Product Policy,False,5,5,4,4
The item is defective. please.,no_escalation,Damaged Product Policy,Damaged Product Policy,False,5,5,4,4
"Could you explain, I wish to send this item back. for my recent order.",full_pipeline,Return Policy,Return Policy,False,5,5,4,4
"Could you explain, I wish to send this item back. for my recent order.",no_crm,Return Policy,Return Policy,False,5,2,4,4
"Could you explain, I wish to send this item back. for my recent order.",no_memory,Return Policy,Return Policy,False,5,5,4,4
"Could you explain, I wish to send this item back. for my recent order.",no_escalation,Return Policy,Return Policy,False,5,5,4,4
Urgent: The laptop arrived broken. for my recent order.,full_pipeline,Damaged Product Policy,Damaged Product Policy,True,5,5,5,5
Urgent: The laptop arrived broken. for my recent order.,no_crm,Damaged Product Policy,Damaged Product Policy,False,5,2,4,4
Urgent: The laptop arrived broken. for my recent order.,no_memory,Damaged Product Policy,Damaged Product Policy,True,5,5,5,5
Urgent: The laptop arrived broken. for my recent order.,no_escalation,Damaged Product Policy,Damaged Product Policy,False,5,5,4,4
Urgent: How do I withdraw my order? as soon as possible.,full_pipeline,Cancellation Policy,Cancellation Policy,False,5,5,4,4
Urgent: How do I withdraw my order? as soon as possible.,no_crm,Cancellation Policy,Cancellation Policy,False,5,2,4,4
Urgent: How do I withdraw my order? as soon as possible.,no_memory,Cancellation Policy,Cancellation Policy,False,5,5,4,4
Urgent: How do I withdraw my order? as soon as possible.,no_escalation,Cancellation Policy,Cancellation Policy,False,5,5,4,4
How long for delivry? because I am confused.,full_pipeline,Shipping Policy,Shipping Policy,False,5,5,4,4
How long for delivry? because I am confused.,no_crm,Shipping Policy,Shipping Policy,False,5,2,4,4
How long for delivry? because I am confused.,no_memory,Shipping Policy,Shipping Policy,False,5,5,4,4
How long for delivry? because I am confused.,no_escalation,Shipping Policy,Shipping Policy,False,5,5,4,4
I need help: My package has not reached me.,full_pipeline,Shipping Policy,Shipping Policy,False,5,5,4,4
I need help: My package has not reached me.,no_crm,Shipping Policy,Shipping Policy,False,5,2,4,4
I need help: My package has not reached me.,no_memory,Shipping Policy,Shipping Policy,False,5,5,4,4
I need help: My package has not reached me.,no_escalation,Shipping Policy,Shipping Policy,False,5,5,4,4
Urgent: Can I receive compensation for this order? please.,full_pipeline,Refund Policy,Refund Policy,False,5,5,4,4
Urgent: Can I receive compensation for this order? please.,no_crm,Refund Policy,Refund Policy,False,5,2,4,4
Urgent: Can I receive compensation for this order? please.,no_memory,Refund Policy,Refund Policy,False,5,5,4,4
Urgent: Can I receive compensation for this order? please.,no_escalation,Refund Policy,Refund Policy,False,5,5,4,4
"Could you explain, The product is not functioning properly. please.",full_pipeline,Damaged Product Policy,Damaged Product Policy,False,5,5,4,4
"Could you explain, The product is not functioning properly. please.",no_crm,Damaged Product Policy,Damaged Product Policy,False,5,2,4,4
"Could you explain, The product is not functioning properly. please.",no_memory,Damaged Product Policy,Damaged Product Policy,False,5,5,4,4
"Could you explain, The product is not functioning properly. please.",no_escalation,Damaged Product Policy,Damaged Product Policy,False,5,5,4,4
My screan is crackd. as soon as possible.,full_pipeline,Damaged Product Policy,Damaged Product Policy,True,5,5,4,4
My screan is crackd. as soon as possible.,no_crm,Damaged Product Policy,Damaged Product Policy,True,5,2,4,4
My screan is crackd. as soon as possible.,no_memory,Damaged Product Policy,Damaged Product Policy,True,5,5,4,4
My screan is crackd. as soon as possible.,no_escalation,Damaged Product Policy,Damaged Product Policy,False,5,5,4,4
What happens if my product is damaged?,full_pipeline,Damaged Product Policy,Damaged Product Policy,True,5,5,4,4
What happens if my product is damaged?,no_crm,Damaged Product Policy,Damaged Product Policy,False,5,2,4,4
What happens if my product is damaged?,no_memory,Damaged Product Policy,Damaged Product Policy,True,5,5,4,4
What happens if my product is damaged?,no_escalation,Damaged Product Policy,Damaged Product Policy,False,5,5,4,4
My phone arrived with a cracked screen. What should I do?,full_pipeline,Damaged Product Policy,Damaged Product Policy,True,5,5,4,4
My phone arrived with a cracked screen. What should I do?,no_crm,Damaged Product Policy,Damaged Product Policy,True,5,2,4,4
My phone arrived with a cracked screen. What should I do?,no_memory,Damaged Product Policy,Damaged Product Policy,True,5,5,4,4
My phone arrived with a cracked screen. What should I do?,no_escalation,Damaged Product Policy,Damaged Product Policy,False,5,5,4,4
Urgent: Can I return this purchase? as soon as possible.,full_pipeline,Return Policy,Return Policy,True,5,5,4,4
Urgent: Can I return this purchase? as soon as possible.,no_crm,Return Policy,Return Policy,False,5,2,4,4
Urgent: Can I return this purchase? as soon as possible.,no_memory,Return Policy,Return Policy,True,5,5,4,4
Urgent: Can I return this purchase? as soon as possible.,no_escalation,Return Policy,Return Policy,False,5,5,4,4
Where can I request a refund?,full_pipeline,Refund Policy,Refund Policy,True,5,5,4,4
Where can I request a refund?,no_crm,Refund Policy,Refund Policy,False,5,2,4,4
Where can I request a refund?,no_memory,Refund Policy,Refund Policy,True,5,5,4,4
Where can I request a refund?,no_escalation,Refund Policy,Refund Policy,False,5,5,4,4
Can I get my money back? because I am confused.,full_pipeline,Refund Policy,Refund Policy,True,5,5,4,4
Can I get my money back? because I am confused.,no_crm,Refund Policy,Refund Policy,False,5,2,4,4
Can I get my money back? because I am confused.,no_memory,Refund Policy,Refund Policy,True,5,5,4,4
Can I get my money back? because I am confused.,no_escalation,Refund Policy,Refund Policy,False,5,5,4,4
I need help: Can I return this purchase? please.,full_pipeline,Return Policy,Return Policy,True,5,5,4,4
I need help: Can I return this purchase? please.,no_crm,Return Policy,Return Policy,False,5,2,4,4
I need help: Can I return this purchase? please.,no_memory,Return Policy,Return Policy,True,5,5,4,4
I need help: Can I return this purchase? please.,no_escalation,Return Policy,Return Policy,False,5,5,4,4
I need help: I need my payment returned. as soon as possible.,full_pipeline,Refund Policy,Return Policy,True,5,4,4,4
I need help: I need my payment returned. as soon as possible.,no_crm,Refund Policy,Return Policy,False,5,2,4,4
I need help: I need my payment returned. as soon as possible.,no_memory,Refund Policy,Return Policy,True,5,5,4,4
I need help: I need my payment returned. as soon as possible.,no_escalation,Refund Policy,Return Policy,False,5,5,4,4
"Please tell me, Is there any way to reverse this payment?",full_pipeline,Refund Policy,Refund Policy,False,5,5,4,4
"Please tell me, Is there any way to reverse this payment?",no_crm,Refund Policy,Refund Policy,False,5,3,4,4
"Please tell me, Is there any way to reverse this payment?",no_memory,Refund Policy,Refund Policy,False,5,5,4,4
"Please tell me, Is there any way to reverse this payment?",no_escalation,Refund Policy,Refund Policy,False,5,5,4,4
