query,expected,predicted,correct,confidence,retrieval_method,latency
What is the refund policy for damaged products?,Damaged Product Policy,Refund Policy,0,0.6807290309386161,bm25,0.008641958236694336
My laptop arrived broken. What should I do?,Damaged Product Policy,Shipping Policy,0,0.35186410214424063,bm25,0.0014717578887939453
What happens if my product is damaged?,Damaged Product Policy,Shipping Policy,0,0.4867367074822922,bm25,0.0011799335479736328
My package arrived damaged. Can I return it?,Damaged Product Policy,Shipping Policy,0,0.5120095279239788,bm25,0.0031316280364990234
Can I get my money back?,Refund Policy,Shipping Policy,0,0.2588295697082734,bm25,0.0028030872344970703
How long does it take to receive a refund?,Refund Policy,Damaged Product Policy,0,0.6516193806686778,bm25,0.001979827880859375
I want to return my order.,Return Policy,Cancellation Policy,0,0.719658511108513,bm25,0.0004956722259521484
How many days do I have to return an item?,Return Policy,Cancellation Policy,0,0.5486730545732518,bm25,0.0006492137908935547
Do you provide free shipping?,Shipping Policy,Cancellation Policy,0,0.39395714789404473,bm25,0.0006835460662841797
What is the company's quantum computing policy?,Unknown,Shipping Policy,0,0.22041817746228065,bm25,0.0007030963897705078
What is your Mars colony insurance policy?,Unknown,Shipping Policy,0,0.20114919361132744,bm25,0.0006885528564453125
Do you reimburse cryptocurrency mining expenses?,Unknown,Cancellation Policy,0,0.0,bm25,0.0005931854248046875
What is your space travel policy?,Unknown,Shipping Policy,0,0.20114919361132744,bm25,0.001981973648071289
Explain your artificial consciousness policy.,Unknown,Cancellation Policy,0,0.34707858316815343,bm25,0.001504659652709961
Where can I request a refund?,Refund Policy,Cancellation Policy,0,0.4601176542486102,bm25,0.0009124279022216797
I received the wrong item and need my money back.,Refund Policy,Return Policy,0,0.6961518743667263,bm25,0.0022058486938476562
Can I receive a refund for a defective product?,Refund Policy,Damaged Product Policy,0,0.7358008799871755,bm25,0.0010461807250976562
What is the process for getting a refund?,Refund Policy,Return Policy,0,0.49492578362255346,bm25,0.001196146011352539
How many days will it take to receive my refund?,Refund Policy,Cancellation Policy,0,0.6516193806686778,bm25,0.0010178089141845703
Can I request a partial refund?,Refund Policy,Cancellation Policy,0,0.4601176542486102,bm25,0.0007257461547851562
I accidentally ordered the wrong item. Can I get a refund?,Refund Policy,Shipping Policy,0,1.0,bm25,0.0010333061218261719
I have not received my refund yet.,Refund Policy,Shipping Policy,0,0.4282149194254858,bm25,0.00086212158203125
What are the conditions for receiving a refund?,Refund Policy,Shipping Policy,0,0.4962967656161908,bm25,0.0009262561798095703
What documents are required for returning a product?,Return Policy,Shipping Policy,0,0.2565104239762743,bm25,0.0009822845458984375
Is there a return window for electronics?,Return Policy,Shipping Policy,0,0.514137023668467,bm25,0.0006685256958007812
Do you offer same-day delivery?,Shipping Policy,Cancellation Policy,0,0.0,bm25,0.0005538463592529297
Can I change my shipping address after placing the order?,Shipping Policy,Cancellation Policy,0,0.5053179427974848,bm25,0.0005555152893066406
Do you ship internationally?,Shipping Policy,Cancellation Policy,0,0.0,bm25,0.0003230571746826172
Will I receive a tracking ID?,Shipping Policy,Cancellation Policy,0,0.5840099971307453,bm25,0.0004730224609375
Can I modify my order instead of cancelling it?,Cancellation Policy,Shipping Policy,0,0.5063554149232103,bm25,0.0007727146148681641
What if my package arrives in poor condition?,Damaged Product Policy,Shipping Policy,0,0.5519281880157662,bm25,0.0007152557373046875
I received an item with missing parts.,Damaged Product Policy,Return Policy,0,0.7427918822629069,bm25,0.00047397613525390625
I need my money returned because the item is unusable.,Refund Policy,Return Policy,0,0.6961518743667263,bm25,0.0009217262268066406
The screen shattered during shipping.,Damaged Product Policy,Refund Policy,0,0.46606468152043645,bm25,0.0005567073822021484
I no longer want this purchase.,Cancellation Policy,Return Policy,0,1.0,bm25,0.0005171298980712891
The charger is not functioning properly.,Damaged Product Policy,Shipping Policy,0,0.46606468152043645,bm25,0.00045561790466308594
The package has not reached me yet.,Shipping Policy,Cancellation Policy,0,0.8519209202007246,bm25,0.0007090568542480469
I received an item with parts missing.,Damaged Product Policy,Return Policy,0,0.7860238750073937,bm25,0.0006184577941894531
How do I get reimbursed?,Refund Policy,Cancellation Policy,0,0.0,bm25,0.0007696151733398438
Urgent: Can I recover my payment? because I am confused.,Refund Policy,Shipping Policy,0,0.5010872308612879,bm25,0.0007827281951904297
"Could you explain, My device became unusable.",Damaged Product Policy,Cancellation Policy,0,0.4224891364548129,bm25,0.00069427490234375
"Please tell me, Can I give this item back? as soon as possible.",Return Policy,Damaged Product Policy,0,0.7532736819386455,bm25,0.0006673336029052734
I need help: Where is my parcel? as soon as possible.,Shipping Policy,Damaged Product Policy,0,0.862551965664716,bm25,0.0004856586456298828
Can I get a refnd?,Refund Policy,Shipping Policy,0,0.4516175723157616,bm25,0.00032901763916015625
I need help: Can I receive compensation for this order? as soon as possible.,Refund Policy,Damaged Product Policy,0,0.7341316910679097,bm25,0.0005316734313964844
Urgent: How do I withdraw my order? as soon as possible.,Cancellation Policy,Damaged Product Policy,0,0.667765208503486,bm25,0.0006787776947021484
I need help: Can I return this purchase? as soon as possible.,Return Policy,Damaged Product Policy,0,0.667765208503486,bm25,0.00066375732421875
I need help: Can I return the order after delivery? please.,Return Policy,Cancellation Policy,0,0.700011764622093,bm25,0.0006744861602783203
Urgent: Can I retrn this item? for my recent order.,Return Policy,Shipping Policy,0,0.42205187442246084,bm25,0.0006244182586669922
Can I get my mony back? please.,Refund Policy,Shipping Policy,0,0.2588295697082734,bm25,0.0006639957427978516
Urgent: The item is defective. because I am confused.,Damaged Product Policy,Shipping Policy,0,0.46606468152043645,bm25,0.0006327629089355469
Urgent: Can I revoke my order? as soon as possible.,Cancellation Policy,Damaged Product Policy,0,0.667765208503486,bm25,0.0007975101470947266
The screen shattered during shipping. for my recent order.,Damaged Product Policy,Refund Policy,0,0.46606468152043645,bm25,0.0006666183471679688
"Please tell me, Can I get my mony back?",Refund Policy,Shipping Policy,0,0.2588295697082734,bm25,0.0004787445068359375
"Could you explain, I want reimbursement for my purchase.",Refund Policy,Return Policy,0,0.45032729206552274,bm25,0.0005507469177246094
I need help: Can I get my mony back? for my recent order.,Refund Policy,Shipping Policy,0,0.4356179821551998,bm25,0.0008742809295654297
Is there any way to reverse this payment? as soon as possible.,Refund Policy,Damaged Product Policy,0,0.862551965664716,bm25,0.0006527900695800781
I need help: Can I get my money back? please.,Refund Policy,Shipping Policy,0,0.4356179821551998,bm25,0.0005891323089599609
"Please tell me, I don't need this purchase anymore. as soon as possible.",Cancellation Policy,Damaged Product Policy,0,0.667765208503486,bm25,0.0008795261383056641
"Please tell me, The product has a manufacturing fault. please.",Damaged Product Policy,Shipping Policy,0,0.5383691971307341,bm25,0.0007810592651367188
I need help: The product is not functioning properly. because I am confused.,Damaged Product Policy,Shipping Policy,0,0.4867367074822922,bm25,0.001875162124633789
Urgent: Can I retrn this item? please.,Return Policy,Shipping Policy,0,0.3453698142761124,bm25,0.00478053092956543
"Could you explain, Can I return this purchase? as soon as possible.",Return Policy,Damaged Product Policy,0,0.667765208503486,bm25,0.002686023712158203
I need help: The product has a manufacturing fault.,Damaged Product Policy,Cancellation Policy,0,0.5383691971307341,bm25,0.0016512870788574219
"Could you explain, Can I retrn this item? please.",Return Policy,Shipping Policy,0,0.3453698142761124,bm25,0.001577615737915039
"Please tell me, When can I expect my order? as soon as possible.",Shipping Policy,Damaged Product Policy,0,0.667765208503486,bm25,0.002141237258911133
Can I retrn this item? as soon as possible.,Return Policy,Damaged Product Policy,0,0.667765208503486,bm25,0.0020551681518554688
"Please tell me, Is there any way to reverse this payment? for my recent order.",Refund Policy,Shipping Policy,0,0.6108663477006525,bm25,0.002385377883911133
Urgent: Can I stop this order from being processed? as soon as possible.,Cancellation Policy,Damaged Product Policy,0,0.6811762243223809,bm25,0.0023059844970703125
"Please tell me, The product has a manufacturing fault. please.",Damaged Product Policy,Shipping Policy,0,0.5383691971307341,bm25,0.0017170906066894531
Urgent: Can I retrn this item? for my recent order.,Return Policy,Shipping Policy,0,0.42205187442246084,bm25,0.0014383792877197266
"Could you explain, Can I get my mony back? as soon as possible.",Refund Policy,Damaged Product Policy,0,0.667765208503486,bm25,0.0018651485443115234
"Please tell me, I received an item with parts missing. for my recent order.",Damaged Product Policy,Return Policy,0,0.8403596976996335,bm25,0.001340627670288086
Is there any way to reverse this payment?,Refund Policy,Shipping Policy,0,0.3579415057325276,bm25,0.0006973743438720703
"Could you explain, Can I recover my payment? for my recent order.",Refund Policy,Shipping Policy,0,0.5010872308612879,bm25,0.0005817413330078125
"Could you explain, The item is defective. because I am confused.",Damaged Product Policy,Shipping Policy,0,0.46606468152043645,bm25,0.0008995532989501953
Urgent: The laptop arrived broken. for my recent order.,Damaged Product Policy,Shipping Policy,0,0.42205187442246084,bm25,0.0015451908111572266
"Please tell me, How do I get reimbursed?",Refund Policy,Cancellation Policy,0,0.0,bm25,0.0013320446014404297
"Could you explain, Can I get my mony back?",Refund Policy,Shipping Policy,0,0.2588295697082734,bm25,0.000762939453125
"Please tell me, Can I retrn this item? for my recent order.",Return Policy,Shipping Policy,0,0.42205187442246084,bm25,0.0006735324859619141
Urgent: Can I recover my payment? please.,Refund Policy,Shipping Policy,0,0.5010872308612879,bm25,0.0004742145538330078
"Could you explain, The item is damged. please.",Damaged Product Policy,Return Policy,0,0.28925084971462434,bm25,0.00044345855712890625
My screan is crackd. for my recent order.,Damaged Product Policy,Shipping Policy,0,0.6108663477006525,bm25,0.00046253204345703125
I need help: I need to send the package back. as soon as possible.,Return Policy,Damaged Product Policy,0,0.8712359643103996,bm25,0.0007417201995849609
Urgent: Can I exchange this product? because I am confused.,Return Policy,Shipping Policy,0,0.3453698142761124,bm25,0.0005404949188232422
"Could you explain, I want reimbursement for my purchase. for my recent order.",Refund Policy,Shipping Policy,0,0.486383519095593,bm25,0.0005931854248046875
My screan is crackd. as soon as possible.,Damaged Product Policy,Shipping Policy,0,0.862551965664716,bm25,0.00040984153747558594
Can I exchange this product? as soon as possible.,Return Policy,Damaged Product Policy,0,0.667765208503486,bm25,0.0005064010620117188
I need help: Can I retrn this item? as soon as possible.,Return Policy,Damaged Product Policy,0,0.667765208503486,bm25,0.0005362033843994141
"Could you explain, I need my payment returned. because I am confused.",Refund Policy,Cancellation Policy,0,0.4356179821551998,bm25,0.0006060600280761719
"Please tell me, The item is damged. because I am confused.",Damaged Product Policy,Shipping Policy,0,0.30670834909084765,bm25,0.0005447864532470703
I need help: The item is defective. because I am confused.,Damaged Product Policy,Cancellation Policy,0,0.6961518743667263,bm25,0.0005848407745361328
I need help: Can I get my money back?,Refund Policy,Shipping Policy,0,0.4356179821551998,bm25,0.0006885528564453125
Urgent: I received an item with parts missing. because I am confused.,Damaged Product Policy,Return Policy,0,0.7860238750073937,bm25,0.0006265640258789062
"Please tell me, The laptop arrived broken. for my recent order.",Damaged Product Policy,Shipping Policy,0,0.42205187442246084,bm25,0.0008132457733154297
My package has not reached me.,Shipping Policy,Cancellation Policy,0,0.8326519363497716,bm25,0.00044536590576171875
"Please tell me, Can I receive compensation for this order?",Refund Policy,Damaged Product Policy,0,0.39970563696835215,bm25,0.0005443096160888672
"Please tell me, Can I recover my payment? because I am confused.",Refund Policy,Shipping Policy,0,0.5010872308612879,bm25,0.0005478858947753906
"Could you explain, Can I retrn this item? as soon as possible.",Return Policy,Damaged Product Policy,0,0.667765208503486,bm25,0.0006265640258789062
Is there any way to reverse this payment? as soon as possible.,Refund Policy,Damaged Product Policy,0,0.862551965664716,bm25,0.0006048679351806641
I need help: How much time will delivery take? please.,Shipping Policy,Cancellation Policy,0,0.4356179821551998,bm25,0.0004839897155761719
"Could you explain, How do I get reimbursed? please.",Refund Policy,Cancellation Policy,0,0.0,bm25,0.0006041526794433594
"Please tell me, The item is damged.",Damaged Product Policy,Return Policy,0,0.28925084971462434,bm25,0.00047516822814941406
The product has a manufacturing fault. for my recent order.,Damaged Product Policy,Shipping Policy,0,0.8567333159168147,bm25,0.0005950927734375
I need help: The item is damged. for my recent order.,Damaged Product Policy,Shipping Policy,0,0.6961518743667263,bm25,0.0006835460662841797
"Please tell me, My package has not reached me. please.",Shipping Policy,Cancellation Policy,0,0.8326519363497716,bm25,0.0006771087646484375
I need help: My pakage has not arived. for my recent order.,Shipping Policy,Cancellation Policy,0,0.5241709280589295,bm25,0.0006132125854492188
"Please tell me, My package has not reached me. for my recent order.",Shipping Policy,Cancellation Policy,0,0.8326519363497716,bm25,0.0006763935089111328
I need help: My package has not reached me. please.,Shipping Policy,Cancellation Policy,0,0.8326519363497716,bm25,0.00047588348388671875
Urgent: Can I recover my payment? because I am confused.,Refund Policy,Shipping Policy,0,0.5010872308612879,bm25,0.0005936622619628906
I need help: Can I receive compensation for this order? as soon as possible.,Refund Policy,Damaged Product Policy,0,0.7341316910679097,bm25,0.0006241798400878906
Urgent: The screen shattered during shipping. because I am confused.,Damaged Product Policy,Shipping Policy,0,0.46606468152043645,bm25,0.0006170272827148438
"Could you explain, My package has not reached me. please.",Shipping Policy,Cancellation Policy,0,0.8326519363497716,bm25,0.0006079673767089844
"Please tell me, Can I stop this order from being processed? for my recent order.",Cancellation Policy,Shipping Policy,0,0.6811762243223809,bm25,0.0007202625274658203
"Please tell me, What is the return process? for my recent order.",Return Policy,Shipping Policy,0,0.6108663477006525,bm25,0.0005753040313720703
"Could you explain, The item is defective. because I am confused.",Damaged Product Policy,Shipping Policy,0,0.46606468152043645,bm25,0.0005810260772705078
I need help: How do I get reimbursed? because I am confused.,Refund Policy,Shipping Policy,0,0.4356179821551998,bm25,0.0008747577667236328
"Please tell me, Do you deliver internationally? as soon as possible.",Shipping Policy,Damaged Product Policy,0,0.667765208503486,bm25,0.0006682872772216797
Urgent: The screen shattered during shipping. because I am confused.,Damaged Product Policy,Shipping Policy,0,0.46606468152043645,bm25,0.0006654262542724609
Urgent: My package has not reached me.,Shipping Policy,Cancellation Policy,0,0.8326519363497716,bm25,0.0005052089691162109
Urgent: The item is damged. because I am confused.,Damaged Product Policy,Shipping Policy,0,0.30670834909084765,bm25,0.0007545948028564453
Can I give this item back? as soon as possible.,Return Policy,Damaged Product Policy,0,0.7532736819386455,bm25,0.0005624294281005859
I wish to send this item back. as soon as possible.,Return Policy,Damaged Product Policy,0,0.7532736819386455,bm25,0.0007808208465576172
I need help: Can I get my money back? for my recent order.,Refund Policy,Shipping Policy,0,0.4356179821551998,bm25,0.0006508827209472656
The product has a manufacturing fault. because I am confused.,Damaged Product Policy,Shipping Policy,0,0.5383691971307341,bm25,0.000579833984375
"Please tell me, Can I get a refnd?",Refund Policy,Shipping Policy,0,0.4516175723157616,bm25,0.0006825923919677734
"Please tell me, Is there any way to reverse this payment? for my recent order.",Refund Policy,Shipping Policy,0,0.6108663477006525,bm25,0.0009055137634277344
The item is defective. please.,Damaged Product Policy,Return Policy,0,0.46606468152043645,bm25,0.000576019287109375
"Could you explain, I wish to send this item back. as soon as possible.",Return Policy,Damaged Product Policy,0,0.7532736819386455,bm25,0.0008592605590820312
"Could you explain, Can I get a refnd? for my recent order.",Refund Policy,Shipping Policy,0,0.5588110817127141,bm25,0.0008695125579833984
"Please tell me, The charger stopped functioning. please.",Damaged Product Policy,Shipping Policy,0,0.027550533963752538,bm25,0.0005438327789306641
I need help: The screen shattered during shipping.,Damaged Product Policy,Refund Policy,0,0.46606468152043645,bm25,0.0006997585296630859
Can I get my money back? because I am confused.,Refund Policy,Shipping Policy,0,0.30670834909084765,bm25,0.0005822181701660156
Urgent: How do I cancle my order? as soon as possible.,Cancellation Policy,Damaged Product Policy,0,0.667765208503486,bm25,0.0005710124969482422
"Please tell me, How much time will delivery take? for my recent order.",Shipping Policy,Cancellation Policy,0,0.5862353226465874,bm25,0.0006365776062011719
I need help: I need my payment returned. as soon as possible.,Refund Policy,Damaged Product Policy,0,0.8712359643103996,bm25,0.0005803108215332031
The screen shattered during shipping. for my recent order.,Damaged Product Policy,Refund Policy,0,0.46606468152043645,bm25,0.0005848407745361328
"Could you explain, My package has not reached me.",Shipping Policy,Cancellation Policy,0,0.8326519363497716,bm25,0.0005047321319580078
"Please tell me, The screen shattered during shipping. please.",Damaged Product Policy,Refund Policy,0,0.46606468152043645,bm25,0.0005559921264648438
The item is damged. for my recent order.,Damaged Product Policy,Shipping Policy,0,0.6108663477006525,bm25,0.000560760498046875
Is there any way to reverse this payment? because I am confused.,Refund Policy,Shipping Policy,0,0.3579415057325276,bm25,0.0006995201110839844
"Please tell me, The product has a manufacturing fault. because I am confused.",Damaged Product Policy,Shipping Policy,0,0.5383691971307341,bm25,0.0006551742553710938
"Please tell me, My screan is crackd. please.",Damaged Product Policy,Shipping Policy,0,0.20114919361132744,bm25,0.0004878044128417969
"Please tell me, My screan is crackd. for my recent order.",Damaged Product Policy,Shipping Policy,0,0.6108663477006525,bm25,0.0005326271057128906
Urgent: The laptop arrived broken. for my recent order.,Damaged Product Policy,Shipping Policy,0,0.42205187442246084,bm25,0.0005965232849121094
Urgent: Can I get a refnd? please.,Refund Policy,Shipping Policy,0,0.4516175723157616,bm25,0.00041794776916503906
Can I get my mony back?,Refund Policy,Shipping Policy,0,0.2588295697082734,bm25,0.00038886070251464844
Urgent: My package has not reached me.,Shipping Policy,Cancellation Policy,0,0.8326519363497716,bm25,0.0006899833679199219
"Could you explain, I need my payment returned. because I am confused.",Refund Policy,Cancellation Policy,0,0.4356179821551998,bm25,0.0006151199340820312
I need help: My pakage has not arived.,Shipping Policy,Cancellation Policy,0,0.5241709280589295,bm25,0.0005018711090087891
"Could you explain, Can I stop this order from being processed? as soon as possible.",Cancellation Policy,Damaged Product Policy,0,0.6811762243223809,bm25,0.0006442070007324219
The screen shattered during shipping. for my recent order.,Damaged Product Policy,Refund Policy,0,0.46606468152043645,bm25,0.0007083415985107422
The charger stopped functioning. because I am confused.,Damaged Product Policy,Shipping Policy,0,0.30670834909084765,bm25,0.0007293224334716797
How do I get reimbursed? please.,Refund Policy,Cancellation Policy,0,0.0,bm25,0.0007066726684570312
How do I get reimbursed? as soon as possible.,Refund Policy,Damaged Product Policy,0,0.667765208503486,bm25,0.0007195472717285156
"Please tell me, I need my payment returned. as soon as possible.",Refund Policy,Damaged Product Policy,0,0.667765208503486,bm25,0.0005993843078613281
Urgent: The item is damged. please.,Damaged Product Policy,Return Policy,0,0.28925084971462434,bm25,0.000446319580078125
The product is not functioning properly. because I am confused.,Damaged Product Policy,Shipping Policy,0,0.4867367074822922,bm25,0.0005774497985839844
I need help: My package has not reached me. because I am confused.,Shipping Policy,Cancellation Policy,0,0.8326519363497716,bm25,0.0006875991821289062
Urgent: Can I give this item back? because I am confused.,Return Policy,Shipping Policy,0,0.4356179821551998,bm25,0.0006368160247802734
"Could you explain, Can I return the order after delivery? please.",Return Policy,Cancellation Policy,0,0.700011764622093,bm25,0.0005605220794677734
"Please tell me, Can I retrn this item? because I am confused.",Return Policy,Shipping Policy,0,0.3453698142761124,bm25,0.0006394386291503906
I need help: What is the return process? for my recent order.,Return Policy,Shipping Policy,0,0.6108663477006525,bm25,0.0013227462768554688
"Could you explain, When can I expect my order? as soon as possible.",Shipping Policy,Damaged Product Policy,0,0.667765208503486,bm25,0.0008220672607421875
Urgent: I want reimbursement for my purchase. please.,Refund Policy,Return Policy,0,0.45032729206552274,bm25,0.0005323886871337891
"Please tell me, Can I recover my payment? please.",Refund Policy,Shipping Policy,0,0.5010872308612879,bm25,0.0008797645568847656
"Could you explain, Can I get my mony back? as soon as possible.",Refund Policy,Damaged Product Policy,0,0.667765208503486,bm25,0.0005466938018798828
"Please tell me, I want reimbursement for my purchase. for my recent order.",Refund Policy,Shipping Policy,0,0.486383519095593,bm25,0.0006234645843505859
"Could you explain, Can I recover my payment?",Refund Policy,Shipping Policy,0,0.5010872308612879,bm25,0.00042700767517089844
"Please tell me, Can I trak my shipmnt? as soon as possible.",Shipping Policy,Damaged Product Policy,0,0.667765208503486,bm25,0.0006113052368164062
Can I return the order after delivery? because I am confused.,Return Policy,Cancellation Policy,0,0.700011764622093,bm25,0.0007333755493164062
"Please tell me, Can I get a refnd?",Refund Policy,Shipping Policy,0,0.4516175723157616,bm25,0.00044608116149902344
I need help: Can I get a refnd? for my recent order.,Refund Policy,Cancellation Policy,0,0.5588110817127141,bm25,0.0008547306060791016
I need help: How much time will delivery take? for my recent order.,Shipping Policy,Cancellation Policy,0,0.5862353226465874,bm25,0.0006780624389648438
"Please tell me, How much time will delivery take? for my recent order.",Shipping Policy,Cancellation Policy,0,0.5862353226465874,bm25,0.0007874965667724609
Can I retrn this item? for my recent order.,Return Policy,Shipping Policy,0,0.42205187442246084,bm25,0.0005698204040527344
"Please tell me, I received an item with parts missing. because I am confused.",Damaged Product Policy,Return Policy,0,0.7860238750073937,bm25,0.0008344650268554688
I need help: Is there any way to reverse this payment?,Refund Policy,Cancellation Policy,0,0.4356179821551998,bm25,0.000606536865234375
"Please tell me, Can I return the order after delivery? please.",Return Policy,Cancellation Policy,0,0.700011764622093,bm25,0.0007176399230957031
"Could you explain, The charger stopped functioning. please.",Damaged Product Policy,Shipping Policy,0,0.027550533963752538,bm25,0.0004572868347167969
"Could you explain, The product is not functioning properly. because I am confused.",Damaged Product Policy,Shipping Policy,0,0.4867367074822922,bm25,0.0005729198455810547
Urgent: Is there any way to reverse this payment?,Refund Policy,Shipping Policy,0,0.3579415057325276,bm25,0.0006086826324462891
Can I exchange this product? as soon as possible.,Return Policy,Damaged Product Policy,0,0.667765208503486,bm25,0.0008084774017333984
Urgent: My screan is crackd. for my recent order.,Damaged Product Policy,Shipping Policy,0,0.6108663477006525,bm25,0.0005834102630615234
"Please tell me, How much time will delivery take? for my recent order.",Shipping Policy,Cancellation Policy,0,0.5862353226465874,bm25,0.0006234645843505859
Urgent: My pakage has not arived. because I am confused.,Shipping Policy,Cancellation Policy,0,0.5241709280589295,bm25,0.0005719661712646484
I need help: Where is my parcel? as soon as possible.,Shipping Policy,Damaged Product Policy,0,0.862551965664716,bm25,0.0006031990051269531
I need help: My package has not reached me.,Shipping Policy,Cancellation Policy,0,0.8326519363497716,bm25,0.0004894733428955078
"Please tell me, What is the return process? because I am confused.",Return Policy,Shipping Policy,0,0.30670834909084765,bm25,0.0005643367767333984
"Please tell me, The product has a manufacturing fault. for my recent order.",Damaged Product Policy,Shipping Policy,0,0.8567333159168147,bm25,0.0006108283996582031
My screan is crackd. because I am confused.,Damaged Product Policy,Shipping Policy,0,0.30670834909084765,bm25,0.000438690185546875
"Please tell me, Can I get a refnd? because I am confused.",Refund Policy,Shipping Policy,0,0.4516175723157616,bm25,0.0005843639373779297
I need my payment returned. as soon as possible.,Refund Policy,Damaged Product Policy,0,0.667765208503486,bm25,0.0009148120880126953
Is there any way to reverse this payment?,Refund Policy,Shipping Policy,0,0.3579415057325276,bm25,0.0005540847778320312
When can I expect my order? as soon as possible.,Shipping Policy,Damaged Product Policy,0,0.667765208503486,bm25,0.0007140636444091797
"Could you explain, The screen shattered during shipping. please.",Damaged Product Policy,Refund Policy,0,0.46606468152043645,bm25,0.0007081031799316406
"Could you explain, What is the return process? as soon as possible.",Return Policy,Damaged Product Policy,0,0.862551965664716,bm25,0.0005755424499511719
"Please tell me, The product has a manufacturing fault.",Damaged Product Policy,Shipping Policy,0,0.5383691971307341,bm25,0.0007627010345458984
How much time will delivery take?,Shipping Policy,Cancellation Policy,0,0.4224891364548129,bm25,0.00045943260192871094
"Could you explain, I want reimbursement for my purchase. as soon as possible.",Refund Policy,Damaged Product Policy,0,0.7341316910679097,bm25,0.0006487369537353516
The charger stopped functioning. because I am confused.,Damaged Product Policy,Shipping Policy,0,0.30670834909084765,bm25,0.00048470497131347656
"Please tell me, Can I get my mony back?",Refund Policy,Shipping Policy,0,0.2588295697082734,bm25,0.0004429817199707031
Urgent: I received an item with parts missing. please.,Damaged Product Policy,Return Policy,0,0.7860238750073937,bm25,0.0005881786346435547
"Please tell me, The product is not functioning properly. because I am confused.",Damaged Product Policy,Shipping Policy,0,0.4867367074822922,bm25,0.0008144378662109375
"Could you explain, Is there any way to reverse this payment?",Refund Policy,Shipping Policy,0,0.3579415057325276,bm25,0.0006337165832519531
Urgent: Can I revoke my order? as soon as possible.,Cancellation Policy,Damaged Product Policy,0,0.667765208503486,bm25,0.0007407665252685547
Can I recover my payment? please.,Refund Policy,Shipping Policy,0,0.5010872308612879,bm25,0.0004611015319824219
"Please tell me, The product has a manufacturing fault. for my recent order.",Damaged Product Policy,Shipping Policy,0,0.8567333159168147,bm25,0.0010192394256591797
"Could you explain, Can I retrn this item?",Return Policy,Shipping Policy,0,0.3453698142761124,bm25,0.0007226467132568359
"Please tell me, Is there any way to reverse this payment?",Refund Policy,Shipping Policy,0,0.3579415057325276,bm25,0.0006015300750732422
I need help: How much time will delivery take? for my recent order.,Shipping Policy,Cancellation Policy,0,0.5862353226465874,bm25,0.0007314682006835938
My screan is crackd. please.,Damaged Product Policy,Shipping Policy,0,0.20114919361132744,bm25,0.0003821849822998047
Urgent: Can I retrn this item?,Return Policy,Shipping Policy,0,0.3453698142761124,bm25,0.00043272972106933594
"Please tell me, Can I stop this order from being processed? as soon as possible.",Cancellation Policy,Damaged Product Policy,0,0.6811762243223809,bm25,0.0006160736083984375
"Please tell me, My pakage has not arived. as soon as possible.",Shipping Policy,Damaged Product Policy,0,0.667765208503486,bm25,0.0005593299865722656
"Please tell me, Can I get my money back?",Refund Policy,Shipping Policy,0,0.2588295697082734,bm25,0.0005362033843994141
"Please tell me, I need to send the package back. as soon as possible.",Return Policy,Damaged Product Policy,0,0.667765208503486,bm25,0.0007188320159912109
I need help: Where is my parcel? as soon as possible.,Shipping Policy,Damaged Product Policy,0,0.862551965664716,bm25,0.0005664825439453125
"Could you explain, I want reimbursement for my purchase. for my recent order.",Refund Policy,Shipping Policy,0,0.486383519095593,bm25,0.0008842945098876953
How do I get reimbursed?,Refund Policy,Cancellation Policy,0,0.0,bm25,0.00040912628173828125
The screen shattered during shipping. because I am confused.,Damaged Product Policy,Shipping Policy,0,0.46606468152043645,bm25,0.0008566379547119141
I need help: Is there any way to reverse this payment? for my recent order.,Refund Policy,Shipping Policy,0,0.6108663477006525,bm25,0.0006375312805175781
"Could you explain, The item is damged.",Damaged Product Policy,Return Policy,0,0.28925084971462434,bm25,0.0004189014434814453
The item is defective. please.,Damaged Product Policy,Return Policy,0,0.46606468152043645,bm25,0.0004885196685791016
Can I stop this order from being processed? please.,Cancellation Policy,Damaged Product Policy,0,0.6811762243223809,bm25,0.0005385875701904297
Urgent: Can I receive compensation for this order? for my recent order.,Refund Policy,Damaged Product Policy,0,0.486383519095593,bm25,0.0005884170532226562
I need help: My screan is crackd. please.,Damaged Product Policy,Shipping Policy,0,0.4356179821551998,bm25,0.0011928081512451172
Urgent: The product is not functioning properly. because I am confused.,Damaged Product Policy,Shipping Policy,0,0.4867367074822922,bm25,0.0008695125579833984
Urgent: The item is defective. because I am confused.,Damaged Product Policy,Shipping Policy,0,0.46606468152043645,bm25,0.000728607177734375
"Could you explain, Can I retrn this item? please.",Return Policy,Shipping Policy,0,0.3453698142761124,bm25,0.0005657672882080078
Urgent: Can I return the order after delivery? as soon as possible.,Return Policy,Damaged Product Policy,0,0.7071956763357866,bm25,0.0006248950958251953
The charger stopped functioning. for my recent order.,Damaged Product Policy,Shipping Policy,0,0.42205187442246084,bm25,0.000476837158203125
"Please tell me, How do I get reimbursed? please.",Refund Policy,Cancellation Policy,0,0.0,bm25,0.0004940032958984375
I need help: How much time will delivery take? because I am confused.,Shipping Policy,Cancellation Policy,0,0.4356179821551998,bm25,0.0007421970367431641
I need help: How much time will delivery take?,Shipping Policy,Cancellation Policy,0,0.4356179821551998,bm25,0.0005512237548828125
Is there any way to reverse this payment? because I am confused.,Refund Policy,Shipping Policy,0,0.3579415057325276,bm25,0.0005354881286621094
"Please tell me, The charger stopped functioning.",Damaged Product Policy,Shipping Policy,0,0.027550533963752538,bm25,0.00045561790466308594
My package has not reached me. because I am confused.,Shipping Policy,Cancellation Policy,0,0.8326519363497716,bm25,0.0005741119384765625
"Please tell me, I want reimbursement for my purchase. please.",Refund Policy,Return Policy,0,0.45032729206552274,bm25,0.0008733272552490234
Can I give this item back? because I am confused.,Return Policy,Shipping Policy,0,0.4356179821551998,bm25,0.0007729530334472656
I need help: Can I retrn this item? for my recent order.,Return Policy,Shipping Policy,0,0.4356179821551998,bm25,0.0006215572357177734
"Could you explain, The item is damged. please.",Damaged Product Policy,Return Policy,0,0.28925084971462434,bm25,0.0006492137908935547
"Could you explain, How do I get reimbursed? as soon as possible.",Refund Policy,Damaged Product Policy,0,0.667765208503486,bm25,0.0006432533264160156
Can I stop this order from being processed? because I am confused.,Cancellation Policy,Damaged Product Policy,0,0.6811762243223809,bm25,0.0006275177001953125
The laptop arrived broken. please.,Damaged Product Policy,Shipping Policy,0,0.027550533963752538,bm25,0.0003590583801269531
"Could you explain, Do you deliver internationally? please.",Shipping Policy,Cancellation Policy,0,0.0,bm25,0.0004584789276123047
Can I receive compensation for this order? for my recent order.,Refund Policy,Damaged Product Policy,0,0.486383519095593,bm25,0.0006353855133056641
Urgent: My package has not reached me. because I am confused.,Shipping Policy,Cancellation Policy,0,0.8326519363497716,bm25,0.0005598068237304688
"Please tell me, The laptop arrived broken. because I am confused.",Damaged Product Policy,Shipping Policy,0,0.30670834909084765,bm25,0.000545501708984375
"Please tell me, The product has a manufacturing fault. because I am confused.",Damaged Product Policy,Shipping Policy,0,0.5383691971307341,bm25,0.0009751319885253906
Urgent: Can I receive compensation for this order?,Refund Policy,Damaged Product Policy,0,0.39970563696835215,bm25,0.0009233951568603516
"Please tell me, Can I receive compensation for this order?",Refund Policy,Damaged Product Policy,0,0.39970563696835215,bm25,0.0005946159362792969
"Could you explain, Can I retrn this item? because I am confused.",Return Policy,Shipping Policy,0,0.3453698142761124,bm25,0.0005669593811035156
"Could you explain, I want reimbursement for my purchase.",Refund Policy,Return Policy,0,0.45032729206552274,bm25,0.0005517005920410156
I need help: What is the return process? for my recent order.,Return Policy,Shipping Policy,0,0.6108663477006525,bm25,0.0005967617034912109
"Please tell me, Can I get my money back? because I am confused.",Refund Policy,Shipping Policy,0,0.30670834909084765,bm25,0.0006799697875976562
Can I stop this order from being processed? for my recent order.,Cancellation Policy,Shipping Policy,0,0.6811762243223809,bm25,0.0005993843078613281
"Could you explain, The item is damged.",Damaged Product Policy,Return Policy,0,0.28925084971462434,bm25,0.0004107952117919922
Can I retrn this item? for my recent order.,Return Policy,Shipping Policy,0,0.42205187442246084,bm25,0.0006890296936035156
"Could you explain, Can I receive compensation for this order? for my recent order.",Refund Policy,Damaged Product Policy,0,0.486383519095593,bm25,0.0006928443908691406
What is the return process? as soon as possible.,Return Policy,Damaged Product Policy,0,0.862551965664716,bm25,0.00054931640625
Urgent: Can I get a refnd?,Refund Policy,Shipping Policy,0,0.4516175723157616,bm25,0.00042700767517089844
I need help: My screan is crackd. for my recent order.,Damaged Product Policy,Shipping Policy,0,0.6108663477006525,bm25,0.0005135536193847656
"Please tell me, Can I stop this order from being processed? please.",Cancellation Policy,Damaged Product Policy,0,0.6811762243223809,bm25,0.0006930828094482422
"Please tell me, Can I cancle before shiping? as soon as possible.",Cancellation Policy,Damaged Product Policy,0,0.667765208503486,bm25,0.0006620883941650391
I need help: What is the return process? as soon as possible.,Return Policy,Damaged Product Policy,0,0.862551965664716,bm25,0.0005807876586914062
Urgent: Can I stop this order from being processed? because I am confused.,Cancellation Policy,Damaged Product Policy,0,0.6811762243223809,bm25,0.001142740249633789
Urgent: Can I retrn this item? for my recent order.,Return Policy,Shipping Policy,0,0.42205187442246084,bm25,0.0005171298980712891
How much time will delivery take?,Shipping Policy,Cancellation Policy,0,0.4224891364548129,bm25,0.0004520416259765625
Urgent: Can I return this purchase? as soon as possible.,Return Policy,Damaged Product Policy,0,0.667765208503486,bm25,0.0005300045013427734
"Could you explain, Can I stop this order from being processed? as soon as possible.",Cancellation Policy,Damaged Product Policy,0,0.6811762243223809,bm25,0.0006554126739501953
"Could you explain, Can I exchange this product? because I am confused.",Return Policy,Shipping Policy,0,0.3453698142761124,bm25,0.0006275177001953125
"Could you explain, I don't need this purchase anymore. as soon as possible.",Cancellation Policy,Damaged Product Policy,0,0.667765208503486,bm25,0.0005762577056884766
Urgent: Can I recover my payment? as soon as possible.,Refund Policy,Damaged Product Policy,0,0.667765208503486,bm25,0.0004820823669433594
How do I get reimbursed? as soon as possible.,Refund Policy,Damaged Product Policy,0,0.667765208503486,bm25,0.0005421638488769531
Can I rescind the order? as soon as possible.,Cancellation Policy,Damaged Product Policy,0,0.667765208503486,bm25,0.0010771751403808594
"Please tell me, I need my payment returned. as soon as possible.",Refund Policy,Damaged Product Policy,0,0.667765208503486,bm25,0.0013704299926757812
Urgent: Can I receive compensation for this order? please.,Refund Policy,Damaged Product Policy,0,0.39970563696835215,bm25,0.0008559226989746094
My screan is crackd. for my recent order.,Damaged Product Policy,Shipping Policy,0,0.6108663477006525,bm25,0.0007452964782714844
"Please tell me, The item is defective.",Damaged Product Policy,Return Policy,0,0.46606468152043645,bm25,0.0005245208740234375
Can I get my mony back? because I am confused.,Refund Policy,Shipping Policy,0,0.30670834909084765,bm25,0.0005788803100585938
Urgent: Can I get my money back?,Refund Policy,Shipping Policy,0,0.2588295697082734,bm25,0.0004515647888183594
Urgent: The product has a manufacturing fault.,Damaged Product Policy,Shipping Policy,0,0.5383691971307341,bm25,0.0004944801330566406
Urgent: Can I get my mony back? please.,Refund Policy,Shipping Policy,0,0.2588295697082734,bm25,0.0006177425384521484
"Please tell me, Why is my package delayed? as soon as possible.",Shipping Policy,Damaged Product Policy,0,0.862551965664716,bm25,0.0008473396301269531
I need help: Where is my parcel? as soon as possible.,Shipping Policy,Damaged Product Policy,0,0.862551965664716,bm25,0.0005705356597900391
"Please tell me, Can I receive compensation for this order? for my recent order.",Refund Policy,Damaged Product Policy,0,0.486383519095593,bm25,0.0007867813110351562
"Please tell me, Can I retrn this item? as soon as possible.",Return Policy,Damaged Product Policy,0,0.667765208503486,bm25,0.0007672309875488281
"Please tell me, Can I get my mony back? for my recent order.",Refund Policy,Shipping Policy,0,0.42205187442246084,bm25,0.0006692409515380859
"Please tell me, Can I get my mony back?",Refund Policy,Shipping Policy,0,0.2588295697082734,bm25,0.0004971027374267578
"Please tell me, The charger stopped functioning.",Damaged Product Policy,Shipping Policy,0,0.027550533963752538,bm25,0.0004241466522216797
I need help: The laptop arrived broken. for my recent order.,Damaged Product Policy,Shipping Policy,0,0.4356179821551998,bm25,0.0007641315460205078
Urgent: My package has not reached me. because I am confused.,Shipping Policy,Cancellation Policy,0,0.8326519363497716,bm25,0.0006299018859863281
